{"content":[],"settings":{"template":"default","system_colors":[{"_id":"primary","title":"Primary","color":"#4F5955"},{"_id":"secondary","title":"Secondary","color":"#F2EDDC"},{"_id":"text","title":"Text","color":"#535656"},{"_id":"accent","title":"Accent","color":"#D9C3A9"}],"custom_colors":[{"_id":"f7f14f7","title":"Sub color","color":"#8599A6"},{"_id":"d88bdf9","title":"Note","color":"#9C9EA6"},{"_id":"96fd337","title":"White ","color":"#FFFFFF"},{"_id":"1c4072a","title":"des tesminal","color":"#999999"},{"_id":"4e5db6d","title":"border","color":"#ECECEC"},{"_id":"6c78019","title":"Background","color":"#131313"},{"_id":"2a6aba3","title":"Bg2","color":"#F9F9F9"},{"_id":"8f4292b","title":"Bg3","color":"#FAFAFA"},{"_id":"fcf4011","title":"BG 4","color":"#222222"},{"_id":"def68c1","title":"Bg 5","color":"#C4C4C4"}],"system_typography":[{"_id":"primary","title":"Primary","typography_typography":"custom","typography_font_family":"Poppins","typography_font_weight":"700","typography_font_size":{"unit":"px","size":70,"sizes":[]},"typography_line_height":{"unit":"em","size":"","sizes":[]}},{"_id":"secondary","title":"Secondary","typography_typography":"custom","typography_font_family":"Poppins","typography_font_weight":"700","typography_font_size":{"unit":"px","size":16,"sizes":[]},"typography_line_height":{"unit":"em","size":"","sizes":[]}},{"_id":"text","title":"Text","typography_typography":"custom","typography_font_family":"Poppins","typography_font_weight":"400","typography_font_size":{"unit":"px","size":16,"sizes":[]},"typography_line_height":{"unit":"em","size":"","sizes":[]}},{"_id":"accent","title":"Accent","typography_typography":"custom","typography_font_family":"Poppins","typography_font_weight":"700","typography_font_size":{"unit":"px","size":14,"sizes":[]},"typography_text_transform":"uppercase","typography_line_height":{"unit":"em","size":"","sizes":[]}}],"custom_typography":[{"_id":"4aff454","title":"Pop-300-600","typography_typography":"custom","typography_font_family":"Poppins","typography_font_size":{"unit":"px","size":300,"sizes":[]},"typography_font_weight":"600","typography_line_height":{"unit":"em","size":"","sizes":[]}},{"_id":"3b58574","title":"POp-285-700","typography_typography":"custom","typography_font_family":"Poppins","typography_font_size":{"unit":"px","size":285,"sizes":[]},"typography_font_weight":"700","typography_line_height":{"unit":"em","size":1.4,"sizes":[]}},{"_id":"1072019","title":"Pop-200-700","typography_typography":"custom","typography_font_family":"Poppins","typography_font_size":{"unit":"px","size":200,"sizes":[]},"typography_font_weight":"700","typography_line_height":{"unit":"em","size":"","sizes":[]}},{"_id":"a71587d","title":"Pop-100-600","typography_typography":"custom","typography_font_family":"Poppins","typography_font_size":{"unit":"px","size":100,"sizes":[]},"typography_font_weight":"600","typography_line_height":{"unit":"em","size":"","sizes":[]}},{"_id":"5b9f945","title":"Pop-70-700","typography_typography":"custom","typography_font_family":"Poppins","typography_font_size":{"unit":"px","size":70,"sizes":[]},"typography_font_weight":"700","typography_line_height":{"unit":"em","size":1.14,"sizes":[]}},{"_id":"19c47fa","title":"Popin-50-700","typography_typography":"custom","typography_font_family":"Poppins","typography_font_size":{"unit":"px","size":50,"sizes":[]},"typography_font_weight":"700","typography_line_height":{"unit":"em","size":1.2,"sizes":[]}},{"_id":"cd0accb","title":"Popin-40-700","typography_typography":"custom","typography_font_family":"Poppins","typography_font_size":{"unit":"px","size":40,"sizes":[]},"typography_font_weight":"700","typography_line_height":{"unit":"em","size":1.2,"sizes":[]}},{"_id":"fd88abe","title":"Pop-35-600","typography_typography":"custom","typography_font_family":"Poppins","typography_font_size":{"unit":"px","size":35,"sizes":[]},"typography_font_weight":"600","typography_line_height":{"unit":"em","size":1.5,"sizes":[]}},{"_id":"1c88bf8","title":"Popin-30-700","typography_typography":"custom","typography_font_family":"Poppins","typography_font_size":{"unit":"px","size":30,"sizes":[]},"typography_font_weight":"700","typography_line_height":{"unit":"px","size":45,"sizes":[]}},{"_id":"d094fd2","title":"Popin-25-700","typography_typography":"custom","typography_font_family":"Poppins","typography_font_size":{"unit":"px","size":25,"sizes":[]},"typography_font_weight":"700","typography_line_height":{"unit":"em","size":"","sizes":[]}},{"_id":"1a4bc62","title":"Pop-24-600","typography_typography":"custom","typography_font_family":"Poppins","typography_font_size":{"unit":"px","size":24,"sizes":[]},"typography_font_weight":"600","typography_line_height":{"unit":"em","size":"","sizes":[]}},{"_id":"55a66fe","title":"Popin-22-600","typography_typography":"custom","typography_font_family":"Poppins","typography_font_size":{"unit":"px","size":22,"sizes":[]},"typography_font_weight":"600","typography_line_height":{"unit":"em","size":"","sizes":[]}},{"_id":"de61b3b","title":"Pop-20-700-I","typography_typography":"custom","typography_font_size":{"unit":"px","size":20,"sizes":[]},"typography_font_weight":"700","typography_font_style":"italic","typography_line_height":{"unit":"em","size":1.5,"sizes":[]}},{"_id":"d56732d","title":"Pop-20-600","typography_typography":"custom","typography_font_family":"Poppins","typography_font_size":{"unit":"px","size":20,"sizes":[]},"typography_font_weight":"600","typography_line_height":{"unit":"em","size":1.5,"sizes":[]}},{"_id":"ba179a7","title":"Pop-20-400-I","typography_typography":"custom","typography_font_family":"Poppins","typography_font_size":{"unit":"px","size":20,"sizes":[]},"typography_font_weight":"400","typography_font_style":"italic","typography_line_height":{"unit":"em","size":"","sizes":[]}},{"_id":"9d9aae0","title":"Popin-18-700","typography_typography":"custom","typography_font_family":"Poppins","typography_font_size":{"unit":"px","size":19,"sizes":[]},"typography_font_weight":"700","typography_line_height":{"unit":"em","size":"","sizes":[]}},{"_id":"8d67d53","title":"Pop-18-500","typography_typography":"custom","typography_font_family":"Poppins","typography_font_size":{"unit":"px","size":18,"sizes":[]},"typography_font_weight":"500","typography_text_transform":"capitalize","typography_line_height":{"unit":"em","size":1.5,"sizes":[]}},{"_id":"1b49b75","title":"Pop-16-400","typography_typography":"custom","typography_font_family":"Poppins","typography_font_size":{"unit":"px","size":16,"sizes":[]},"typography_font_weight":"400","typography_line_height":{"unit":"em","size":1.5,"sizes":[]}},{"_id":"fc850c3","title":"Pop-14-600","typography_typography":"custom","typography_font_family":"Poppins","typography_font_size":{"unit":"px","size":14,"sizes":[]},"typography_font_weight":"600","typography_line_height":{"unit":"em","size":1.5,"sizes":[]}},{"_id":"d4e9c45","title":"Pop-14-500","typography_typography":"custom","typography_font_family":"Poppins","typography_font_size":{"unit":"px","size":14,"sizes":[]},"typography_font_weight":"500","typography_text_transform":"capitalize","typography_line_height":{"unit":"em","size":2.1,"sizes":[]}},{"_id":"8c5b44a","title":"Pop-14-400","typography_typography":"custom","typography_font_family":"Poppins","typography_font_size":{"unit":"px","size":14,"sizes":[]},"typography_font_weight":"400","typography_line_height":{"unit":"em","size":1.7,"sizes":[]}},{"_id":"b163f24","title":"Pop-14-400-I","typography_typography":"custom","typography_font_family":"Poppins","typography_font_size":{"unit":"px","size":14,"sizes":[]},"typography_font_weight":"400","typography_font_style":"italic","typography_line_height":{"unit":"em","size":"","sizes":[]}},{"_id":"5f9c931","title":"Pop-13-400","typography_typography":"custom","typography_font_family":"Poppins","typography_font_size":{"unit":"px","size":12,"sizes":[]},"typography_font_weight":"400","typography_line_height":{"unit":"em","size":"","sizes":[]}},{"_id":"20bb328","title":"Popin-12-400","typography_typography":"custom","typography_font_family":"Poppins","typography_font_size":{"unit":"px","size":12,"sizes":[]},"typography_font_weight":"400","typography_line_height":{"unit":"em","size":1.5,"sizes":[]}},{"_id":"a2133f0","title":"Font","typography_typography":"custom","typography_font_family":"Herr Von Muellerhoff","typography_font_size":{"unit":"px","size":50,"sizes":[]},"typography_font_weight":"300"}],"default_generic_fonts":"Sans-serif","page_title_selector":"h1.entry-title","hello_footer_copyright_text":"All rights reserved","activeItemIndex":1,"viewport_md":768,"viewport_lg":1025,"__globals__":{"h1_typography_typography":"","h2_typography_typography":"","h3_typography_typography":"","h4_typography_typography":"","h5_typography_typography":"","h6_typography_typography":"","body_color":"","link_normal_color":"","h2_color":"","h1_color":"","h3_color":"","h4_color":"","h5_color":"","h6_color":"","link_hover_color":"","button_typography_typography":"","button_background_color":"","button_text_color":"","button_hover_text_color":"","button_hover_background_color":""},"h1_typography_font_family":"Poppins","h1_typography_font_size":{"unit":"px","size":50,"sizes":[]},"h1_typography_font_weight":"700","h1_typography_line_height":{"unit":"px","size":60,"sizes":[]},"h1_typography_word_spacing":{"unit":"em","size":"","sizes":[]},"h2_typography_font_family":"Poppins","h2_typography_font_size":{"unit":"px","size":40,"sizes":[]},"h2_typography_font_weight":"700","h2_typography_line_height":{"unit":"px","size":50,"sizes":[]},"h2_typography_word_spacing":{"unit":"em","size":"","sizes":[]},"h3_typography_font_family":"Poppins","h3_typography_font_size":{"unit":"px","size":30,"sizes":[]},"h3_typography_font_weight":"700","h3_typography_line_height":{"unit":"px","size":45,"sizes":[]},"h3_typography_word_spacing":{"unit":"em","size":"","sizes":[]},"h4_typography_font_family":"Poppins","h4_typography_font_size":{"unit":"px","size":25,"sizes":[]},"h4_typography_font_weight":"700","h4_typography_line_height":{"unit":"px","size":38,"sizes":[]},"h4_typography_word_spacing":{"unit":"em","size":"","sizes":[]},"h6_typography_font_family":"Poppins","h6_typography_font_size":{"unit":"px","size":19,"sizes":[]},"h6_typography_font_weight":"700","h6_typography_line_height":{"unit":"em","size":"","sizes":[]},"h6_typography_word_spacing":{"unit":"em","size":"","sizes":[]},"button_typography_font_family":"Poppins","button_typography_font_size":{"unit":"px","size":16,"sizes":[]},"button_typography_font_weight":"700","button_typography_line_height":{"unit":"em","size":"","sizes":[]},"h5_typography_font_family":"Poppins","h5_typography_font_size":{"unit":"px","size":22,"sizes":[]},"h5_typography_font_weight":"600","h5_typography_line_height":{"unit":"em","size":"","sizes":[]},"h5_typography_word_spacing":{"unit":"em","size":"","sizes":[]}},"metadata":[]}